{"name": "Tourism", "id": 698284, "predecessors": [{"name": "Industries_(economics)", "id": 694873}, {"name": "Human_behavior", "id": 2524202}], "successors": [{"name": "Tourism_magazines", "id": 1328865}, {"name": "Tourism_stubs", "id": 1785606}, {"name": "Types_of_tourism", "id": 6669410}, {"name": "Tourism_agencies", "id": 11491754}, {"name": "Tourism_ministries", "id": 20569156}, {"name": "Travel_guide_books", "id": 9384477}, {"name": "Travelogues", "id": 18133759}, {"name": "Travel_ticket_search_engines", "id": 28834186}, {"name": "Online_travel_agencies", "id": 29504391}, {"name": "Travel_books", "id": 1241441}, {"name": "British_travel_writers", "id": 1376634}, {"name": "German_travel_writers", "id": 2557203}, {"name": "Canadian_travel_writers", "id": 6022409}, {"name": "Indian_travel_writers", "id": 6896641}, {"name": "Women_travel_writers", "id": 10260940}, {"name": "Tourist_attractions_in_Dublin_(city)", "id": 30499582}, {"name": "Space_tourism", "id": 1025837}, {"name": "Tourist_attractions_in_Bangkok", "id": 6473867}, {"name": "Tour_guides", "id": 26434874}, {"name": "Ministers_of_economic_affairs_of_the_Netherlands", "id": 28956718}, {"name": "American_chief_executives_of_travel_and_tourism_industry_companies", "id": 45381175}, {"name": "Old_Dhaka", "id": 69743354}, {"name": "Las_Vegas_shows", "id": 61589130}, {"name": "Airports_in_Colorado", "id": 4682978}, {"name": "Tourist_attractions_in_Colorado", "id": 9759142}, {"name": "Airports_in_Nebraska", "id": 3073341}, {"name": "Airports_in_New_Mexico", "id": 3073452}, {"name": "Archaeological_sites_in_New_Mexico", "id": 10709903}, {"name": "Airports_in_Montana", "id": 3073254}, {"name": "Ghost_towns_in_Montana", "id": 7308616}, {"name": "Airports_in_Mississippi", "id": 3073114}, {"name": "Mississippi_Landmarks", "id": 30966628}, {"name": "Airports_in_Idaho", "id": 3072009}, {"name": "Tourist_attractions_in_County_Cork", "id": 13675112}, {"name": "Archaeological_sites_in_County_Meath", "id": 13693956}, {"name": "National_monuments_in_County_Meath", "id": 26675861}, {"name": "Archaeological_sites_in_County_Galway", "id": 13693934}, {"name": "National_monuments_in_County_Galway", "id": 26669893}, {"name": "National_monuments_in_County_Mayo", "id": 26675855}, {"name": "Archaeological_sites_in_County_Kerry", "id": 13693936}, {"name": "National_monuments_in_County_Kerry", "id": 26670876}, {"name": "River_Shannon", "id": 24351036}, {"name": "Towns_and_villages_in_County_Tipperary", "id": 30006642}, {"name": "Townlands_of_County_Tipperary", "id": 30006647}, {"name": "County_Tipperary_geography_stubs", "id": 30189814}, {"name": "National_monuments_in_County_Tipperary", "id": 30006616}, {"name": "Airports_in_Washington_(state)", "id": 30842685}, {"name": "Lakes_of_Washington_(state)", "id": 30845858}, {"name": "Waterfalls_of_Washington_(state)", "id": 30849048}, {"name": "Tourist_attractions_in_Karachi", "id": 28633277}, {"name": "Cultural_heritage_sites_in_Sindh", "id": 54164404}, {"name": "Tourism_in_Kerala", "id": 4055902}, {"name": "Tourism_in_Karnataka", "id": 9319451}, {"name": "Tourism_in_Uttarakhand", "id": 9499302}, {"name": "Tourism_in_Northeast_India", "id": 46251612}, {"name": "Tourist_attractions_in_Crimea", "id": 7141093}, {"name": "Tourist_attractions_in_Galicia_(Spain)", "id": 35933997}, {"name": "Churches_in_Asturias", "id": 23879928}, {"name": "Tourist_attractions_in_New_South_Wales", "id": 6108747}, {"name": "Tourist_attractions_in_Queensland", "id": 6108751}, {"name": "Tourist_attractions_in_Victoria_(state)", "id": 19283283}, {"name": "Lakes_of_New_South_Wales", "id": 1824646}, {"name": "Lakes_of_Victoria_(state)", "id": 19276757}, {"name": "Airports_in_Western_Australia", "id": 10208645}, {"name": "Wineries_in_Western_Australia", "id": 6494598}, {"name": "National_parks_of_Western_Australia", "id": 19517895}, {"name": "Hotels_in_New_South_Wales", "id": 26632327}, {"name": "Hotels_in_Queensland", "id": 26632395}, {"name": "Tourist_attractions_in_Puerto_Rico", "id": 6123946}, {"name": "19th-century_travel_writers", "id": 68175786}, {"name": "20th-century_travel_writers", "id": 68175837}, {"name": "Landmarks_in_Alabama", "id": 5333722}, {"name": "Landmarks_in_California", "id": 5333811}, {"name": "Landmarks_in_Nevada", "id": 5338367}, {"name": "Landmarks_in_Oregon", "id": 5338555}, {"name": "Landmarks_in_West_Virginia", "id": 5338913}, {"name": "Grand_Canyon", "id": 730643}, {"name": "Mounds_in_Florida", "id": 43163356}, {"name": "Monuments_and_memorials_in_Georgia_(U.S._state)", "id": 4872472}, {"name": "Outdoor_sculptures_in_Georgia_(U.S._state)", "id": 15548525}, {"name": "Landmarks_in_Macon,_Georgia", "id": 21844274}, {"name": "Monuments_and_memorials_in_Illinois", "id": 15516605}, {"name": "Six_Flags_Great_America", "id": 32879463}, {"name": "Monuments_and_memorials_in_Indiana", "id": 20838473}, {"name": "Local_landmarks_in_Louisville,_Kentucky", "id": 43328347}, {"name": "Baltimore_County,_Maryland_landmarks", "id": 14209017}, {"name": "The_Trustees_of_Reservations", "id": 2636218}, {"name": "Outdoor_sculptures_in_New_Jersey", "id": 15548455}, {"name": "Monuments_and_memorials_in_New_Jersey", "id": 15574041}, {"name": "Chaco_Canyon", "id": 23185959}, {"name": "Erie_Canal", "id": 2388266}, {"name": "Monuments_and_memorials_in_New_York_(state)", "id": 15493495}, {"name": "Monuments_and_memorials_in_Ohio", "id": 15569722}, {"name": "Mounds_in_Ohio", "id": 43163182}, {"name": "Monuments_and_memorials_in_Texas", "id": 15522175}, {"name": "Monuments_and_memorials_in_Virginia", "id": 15517887}, {"name": "Tourist_attractions_in_the_Las_Vegas_Valley", "id": 34809480}, {"name": "Canyons_and_gorges_of_Arizona", "id": 5770125}, {"name": "Sports_venues_in_Minnesota", "id": 3734045}, {"name": "Waterfalls_of_North_Carolina", "id": 7697586}, {"name": "Beaches_of_North_Carolina", "id": 28818512}, {"name": "Tourist_attractions_in_Honolulu", "id": 16827490}, {"name": "Geysers_of_Wyoming", "id": 9845980}, {"name": "Archaeological_sites_in_County_Tyrone", "id": 13465926}, {"name": "Death_Valley_National_Park", "id": 20273586}, {"name": "Cultural_property_of_national_significance_in_Aargau", "id": 34522603}, {"name": "Tourist_attractions_in_Delhi", "id": 3822332}, {"name": "Archaeological_sites_in_Andhra_Pradesh", "id": 22714196}, {"name": "Archaeological_sites_in_Tamil_Nadu", "id": 22714010}, {"name": "International_Film_Festival_of_India", "id": 56288675}, {"name": "Archaeological_sites_in_Gujarat", "id": 22714092}, {"name": "Archaeological_sites_in_Haryana", "id": 28295879}, {"name": "Festivals_in_Assam", "id": 20935910}, {"name": "Forts_in_Rajasthan", "id": 3988907}, {"name": "Archaeological_sites_in_Rajasthan", "id": 28295826}, {"name": "Forts_in_Maharashtra", "id": 4635333}, {"name": "Caves_of_Maharashtra", "id": 22086138}, {"name": "Hindu_temples_in_Bhubaneswar", "id": 20923985}, {"name": "Historic_American_Buildings_Survey_in_Delaware", "id": 36273566}, {"name": "Delaware_Registered_Historic_Place_stubs", "id": 29032128}, {"name": "Historic_districts_on_the_National_Register_of_Historic_Places_in_Delaware", "id": 48343465}, {"name": "Tourist_attractions_in_Zürich", "id": 52345443}, {"name": "Tourist_attractions_in_George_Town,_Penang", "id": 52399292}, {"name": "Covered_bridges_in_Ohio", "id": 14517614}, {"name": "Covered_bridges_on_the_National_Register_of_Historic_Places_in_Oregon", "id": 51640064}, {"name": "Covered_bridges_on_the_National_Register_of_Historic_Places_in_Vermont", "id": 51640161}, {"name": "Covered_bridges_on_the_National_Register_of_Historic_Places_in_Pennsylvania", "id": 51640149}, {"name": "Hot_springs_of_California", "id": 13907404}, {"name": "Tourist_attractions_in_Mazandaran_province", "id": 47347693}, {"name": "Tourist_attractions_in_Razavi_Khorasan_province", "id": 47363860}, {"name": "Tourist_attractions_in_Jakarta", "id": 37296005}, {"name": "Halls_of_fame_in_California", "id": 28030576}, {"name": "Halls_of_fame_in_New_York_(state)", "id": 28144731}, {"name": "International_Motorsports_Hall_of_Fame_inductees", "id": 30357370}, {"name": "ProRodeo_Hall_of_Fame_inductees", "id": 53708635}, {"name": "United_States_Hockey_Hall_of_Fame_inductees", "id": 36632104}, {"name": "United_States_Astronaut_Hall_of_Fame_inductees", "id": 20247874}, {"name": "World_Golf_Hall_of_Fame_inductees", "id": 30356846}, {"name": "National_Collegiate_Basketball_Hall_of_Fame_inductees", "id": 39366241}, {"name": "Professional_Wrestling_Hall_of_Fame_and_Museum", "id": 34190335}, {"name": "Cowgirl_Hall_of_Fame_inductees", "id": 53926490}, {"name": "AQHA_Hall_of_Fame_(horses)", "id": 54310083}, {"name": "National_Sprint_Car_Hall_of_Fame_inductees", "id": 30429813}, {"name": "National_Aviation_Hall_of_Fame_inductees", "id": 18725427}, {"name": "International_Tennis_Hall_of_Fame_inductees", "id": 30357022}, {"name": "WWE_Hall_of_Fame_inductees", "id": 57916112}, {"name": "Science_Fiction_Hall_of_Fame_inductees", "id": 30508645}, {"name": "Sports_venues_in_New_York_(state)", "id": 3729717}, {"name": "Sports_venues_in_Texas", "id": 3729980}, {"name": "Sports_venues_in_Michigan", "id": 3730331}, {"name": "Sports_venues_in_Kansas", "id": 3732346}, {"name": "Sports_venues_in_Louisiana", "id": 3732538}, {"name": "Sports_venues_in_Pennsylvania", "id": 3732616}, {"name": "Sports_venues_in_Missouri", "id": 3747943}, {"name": "Sports_venues_in_New_Jersey", "id": 3856161}, {"name": "Knott's_Berry_Farm", "id": 5036402}, {"name": "Defunct_amusement_parks_in_California", "id": 26548182}, {"name": "Universal_Studios_Hollywood", "id": 27885324}, {"name": "Disney_California_Adventure", "id": 36313154}, {"name": "Disneyland", "id": 36350491}, {"name": "Hersheypark", "id": 7208152}, {"name": "Cedar_Point", "id": 12484063}, {"name": "Kings_Island", "id": 23165438}, {"name": "Six_Flags_Great_Adventure", "id": 32545951}, {"name": "Epcot", "id": 3722332}, {"name": "Magic_Kingdom", "id": 6495305}, {"name": "Disney's_Hollywood_Studios", "id": 21235089}, {"name": "Walt_Disney_World", "id": 37113946}, {"name": "Theatres_in_California", "id": 5618941}, {"name": "Theatres_in_New_York_(state)", "id": 5618964}, {"name": "Drinking_establishments_in_Oregon", "id": 32199649}, {"name": "Nightclubs_in_Los_Angeles_County,_California", "id": 44521865}, {"name": "Drinking_establishments_on_the_National_Register_of_Historic_Places_in_Virginia", "id": 36471103}, {"name": "Churches_in_Trøndelag", "id": 56275916}, {"name": "Shopping_malls_in_Pennsylvania", "id": 3444897}, {"name": "Shopping_malls_in_Florida", "id": 3444980}, {"name": "Shopping_malls_in_Massachusetts", "id": 3445031}, {"name": "Shopping_malls_in_New_York_(state)", "id": 3445125}, {"name": "Shopping_malls_in_Virginia", "id": 3553889}, {"name": "Shopping_malls_in_Maryland", "id": 3553938}, {"name": "Shopping_malls_in_Tennessee", "id": 3554064}, {"name": "Shopping_malls_in_Michigan", "id": 3554250}, {"name": "Shopping_malls_in_New_Jersey", "id": 3629935}, {"name": "Churches_in_Vestland", "id": 62871276}, {"name": "Lakes_of_Innlandet", "id": 62839194}, {"name": "Churches_in_Innlandet", "id": 63780316}, {"name": "Tourist_attractions_in_Chennai", "id": 3356353}, {"name": "Films_shot_in_Ooty", "id": 41303263}, {"name": "National_Register_of_Historic_Places_in_Barnstable_County,_Massachusetts", "id": 41645517}, {"name": "Flight_attendants", "id": 5561485}, {"name": "Businesspeople_in_aviation", "id": 11038658}, {"name": "Air_traffic_controllers", "id": 50437646}, {"name": "Flight_navigators", "id": 56866791}, {"name": "American_aviation_writers", "id": 12553325}, {"name": "National_Register_of_Historic_Places_in_Dallas", "id": 50997701}, {"name": "Tourist_attractions_in_Vienna", "id": 3248769}, {"name": "Roller_coasters_in_California", "id": 13960885}, {"name": "Roller_coasters_in_Pennsylvania", "id": 13961773}, {"name": "French_travel_writers", "id": 1052587}, {"name": "Romanian_travel_writers", "id": 1722865}, {"name": "American_travel_writers", "id": 1758851}, {"name": "Australian_travel_writers", "id": 5916116}, {"name": "Che_Guevara", "id": 9706347}]}