{"name": "Cartography", "id": 716309, "predecessors": [{"name": "Graphic_design", "id": 999626}, {"name": "Data", "id": 16989227}, {"name": "Technical_communication", "id": 1222842}], "successors": [{"name": "Geocodes", "id": 724833}, {"name": "Maps", "id": 894191}, {"name": "Hydrography", "id": 1101998}, {"name": "Map_projections", "id": 1149870}, {"name": "Circles_of_latitude", "id": 2558135}, {"name": "Meridians_(geography)", "id": 2559956}, {"name": "Cartography_stubs", "id": 3203585}, {"name": "Geographic_coordinate_systems", "id": 4653158}, {"name": "Topography", "id": 6517504}, {"name": "Geographic_information_systems", "id": 15460144}, {"name": "Spatial_analysis", "id": 17228412}, {"name": "Gazetteers", "id": 23359829}, {"name": "Geosocial_networking", "id": 26593966}, {"name": "Global_Positioning_System", "id": 38839378}, {"name": "National_mapping_agencies", "id": 6992085}, {"name": "Lists_of_places", "id": 694550}, {"name": "Amarna_letters_locations", "id": 10813889}, {"name": "German_cartographers", "id": 1057347}, {"name": "French_cartographers", "id": 1180084}, {"name": "American_cartographers", "id": 1697931}, {"name": "English_cartographers", "id": 1885058}, {"name": "18th-century_cartographers", "id": 38342474}, {"name": "19th-century_cartographers", "id": 40645642}, {"name": "20th-century_cartographers", "id": 48363604}, {"name": "Ancient_Greece_in_art_and_culture", "id": 24365272}, {"name": "Songs_about_cities", "id": 28215605}, {"name": "Songs_about_oceans_and_seas", "id": 57599686}, {"name": "Songs_about_roads", "id": 63978880}, {"name": "Video_games_with_historical_settings", "id": 9570389}, {"name": "Video_games_set_on_islands", "id": 36221168}, {"name": "Video_games_set_in_the_future", "id": 40222535}, {"name": "Video_games_set_in_psychiatric_hospitals", "id": 42726398}, {"name": "Video_games_set_in_outer_space", "id": 43286099}, {"name": "Video_games_set_in_the_Arctic", "id": 44702671}, {"name": "Video_games_set_in_prison", "id": 53341296}, {"name": "Video_games_set_in_hell", "id": 62306018}, {"name": "Video_games_set_underwater", "id": 64963338}, {"name": "Video_games_set_in_castles", "id": 70933752}, {"name": "Video_games_set_in_abandoned_buildings_and_structures", "id": 73737508}, {"name": "Video_games_set_in_country_houses", "id": 73826115}, {"name": "Video_games_set_in_Mexico", "id": 17173362}, {"name": "Video_games_set_in_Japan", "id": 17173495}, {"name": "Video_games_set_in_the_United_Kingdom", "id": 17173775}, {"name": "Video_games_set_in_the_United_States", "id": 17204981}, {"name": "Video_games_set_in_France", "id": 20179713}, {"name": "Video_games_set_in_Brazil", "id": 20536717}, {"name": "Video_games_set_in_Italy", "id": 21964076}, {"name": "Video_games_set_in_Iraq", "id": 22501557}, {"name": "Video_games_set_in_Germany", "id": 22501772}, {"name": "Video_games_set_in_Russia", "id": 22670496}, {"name": "Video_games_set_in_Canada", "id": 23795698}, {"name": "Video_games_set_in_Egypt", "id": 28247884}, {"name": "Video_games_set_in_India", "id": 28844258}, {"name": "Video_games_set_in_Argentina", "id": 28984901}, {"name": "Video_games_set_in_Cuba", "id": 29054146}, {"name": "Video_games_set_in_Switzerland", "id": 29054664}, {"name": "Video_games_set_in_Greece", "id": 29905782}, {"name": "Video_games_set_in_Singapore", "id": 29943253}, {"name": "Video_games_set_in_Vietnam", "id": 30103621}, {"name": "Video_games_set_in_Spain", "id": 31030611}, {"name": "Video_games_set_in_Finland", "id": 31161908}, {"name": "Video_games_set_in_Australia", "id": 31235100}, {"name": "Video_games_set_in_New_Zealand", "id": 31235144}, {"name": "Video_games_set_in_Peru", "id": 31241329}, {"name": "Video_games_set_in_Turkey", "id": 31241769}, {"name": "Video_games_set_in_Monaco", "id": 31242880}, {"name": "Video_games_set_in_Austria", "id": 31243061}, {"name": "Video_games_set_in_Thailand", "id": 31243251}, {"name": "Video_games_set_in_South_Africa", "id": 31243288}, {"name": "Video_games_set_in_Poland", "id": 31243571}, {"name": "Video_games_set_in_Ukraine", "id": 31243859}, {"name": "Video_games_set_in_Norway", "id": 31245470}, {"name": "Video_games_set_in_Ireland", "id": 31328996}, {"name": "Video_games_set_in_South_Korea", "id": 31329016}, {"name": "Video_games_set_in_Portugal", "id": 31334228}, {"name": "Video_games_set_in_Sweden", "id": 31335001}, {"name": "Video_games_set_in_Libya", "id": 31335046}, {"name": "Video_games_set_in_Iran", "id": 31335189}, {"name": "Video_games_set_in_Belgium", "id": 31335373}, {"name": "Video_games_set_in_Malaysia", "id": 31336230}, {"name": "Video_games_set_in_Hungary", "id": 31336238}, {"name": "Video_games_set_in_the_Czech_Republic", "id": 34115871}, {"name": "Video_games_set_in_the_Netherlands", "id": 34928945}, {"name": "Video_games_set_in_the_Soviet_Union", "id": 36908668}, {"name": "Video_games_set_in_China", "id": 52048046}, {"name": "Video_games_set_in_a_fictional_country", "id": 63860849}, {"name": "Native_Americans_in_popular_culture", "id": 27222550}, {"name": "Cultural_depictions_of_American_people", "id": 52211390}, {"name": "Television_shows_filmed_in_New_Zealand", "id": 56496947}, {"name": "Television_shows_filmed_in_Spain", "id": 58404383}, {"name": "Television_shows_filmed_in_the_United_Kingdom", "id": 59131458}, {"name": "Television_shows_filmed_in_Australia", "id": 59175645}, {"name": "Television_shows_filmed_in_Mexico", "id": 60215664}, {"name": "Television_shows_filmed_in_France", "id": 61938236}, {"name": "Television_shows_filmed_in_Italy", "id": 64580664}, {"name": "Television_shows_filmed_in_Germany", "id": 66093812}, {"name": "Television_shows_filmed_in_Thailand", "id": 67639265}, {"name": "Television_shows_filmed_in_Japan", "id": 67833369}, {"name": "Television_shows_filmed_in_Malaysia", "id": 67833731}, {"name": "Television_shows_filmed_in_Singapore", "id": 67833752}, {"name": "Television_shows_filmed_in_Fiji", "id": 67833920}, {"name": "Television_shows_filmed_in_Argentina", "id": 67834209}, {"name": "Television_shows_filmed_in_the_Philippines", "id": 67874486}, {"name": "Television_shows_filmed_in_Poland", "id": 67874490}, {"name": "Television_shows_filmed_in_the_Dominican_Republic", "id": 67937645}, {"name": "Television_shows_filmed_in_India", "id": 68715809}, {"name": "Films_shot_in_Lagos", "id": 42182731}, {"name": "Constellations", "id": 706614}, {"name": "Cultural_depictions_of_British_people", "id": 52211214}, {"name": "Novels_set_in_Victorian_England", "id": 33515923}, {"name": "Films_set_in_the_Victorian_era", "id": 42570358}, {"name": "Cultural_depictions_of_Canadian_people", "id": 56467105}, {"name": "Songs_about_Canada", "id": 29807380}, {"name": "Video_games_set_in_amusement_parks", "id": 57956909}, {"name": "Pompeii_in_popular_culture", "id": 16133218}, {"name": "Cultural_depictions_of_Italian_people", "id": 54780073}, {"name": "Landforms", "id": 705424}, {"name": "Sites_along_the_Silk_Road", "id": 1895081}, {"name": "Afterlife_places", "id": 24530519}, {"name": "Workplace", "id": 37478348}, {"name": "Places_of_the_Assyrian_genocide", "id": 63437267}, {"name": "Fictional_countries", "id": 699787}, {"name": "Utopian_fiction", "id": 894234}, {"name": "Fantasy_worlds", "id": 4264985}, {"name": "Video_game_locations", "id": 9569009}, {"name": "Fictional_populated_places", "id": 27686390}, {"name": "Fictional_universes", "id": 34096137}, {"name": "Holy_cities", "id": 725559}, {"name": "Significant_places_in_Mormonism", "id": 735588}, {"name": "Religious_places_of_the_indigenous_peoples_of_North_America", "id": 30949211}, {"name": "Jewish_pilgrimage_sites", "id": 28157042}, {"name": "Street_furniture", "id": 965867}, {"name": "Sovereignty", "id": 33542662}, {"name": "Monarchy", "id": 1238063}, {"name": "Federalism", "id": 1264159}, {"name": "Democracy", "id": 2701500}, {"name": "World_government", "id": 8728556}, {"name": "Oligarchy", "id": 21735829}, {"name": "Authoritarianism", "id": 36055803}, {"name": "Government_by_algorithm", "id": 64021391}, {"name": "Temple_Mount", "id": 4154777}, {"name": "Tabernacle_and_Temples_in_Jerusalem", "id": 43167322}, {"name": "Buildings_and_structures_in_Jerusalem", "id": 3420530}, {"name": "People_from_Jerusalem", "id": 4362294}, {"name": "Organizations_based_in_Jerusalem", "id": 41618918}, {"name": "Radioactive_waste_repositories", "id": 11662081}, {"name": "Mythological_islands", "id": 8619980}, {"name": "Mythological_mountains", "id": 26941229}, {"name": "Operas_with_mythological_or_folkloric_settings", "id": 30129136}, {"name": "Fossil_trackways", "id": 14793417}, {"name": "Lagerstätten", "id": 21168918}, {"name": "Paleontological_site_stubs", "id": 21272866}, {"name": "Paleoanthropological_sites", "id": 22327836}, {"name": "Nature_reserves", "id": 736717}, {"name": "Protected_areas", "id": 1624994}, {"name": "Historic_districts", "id": 4270824}, {"name": "Waterfronts", "id": 20698468}, {"name": "Fictional_fortifications", "id": 1900793}, {"name": "Populated_places_along_the_Silk_Road", "id": 27885865}, {"name": "Populated_places_of_the_Byzantine_Empire", "id": 35557484}, {"name": "Internment_camps", "id": 2601750}, {"name": "Set_index_articles_on_lakes", "id": 22640724}, {"name": "Set_index_articles_on_rivers", "id": 49615022}, {"name": "Country_name_etymology", "id": 2792157}, {"name": "Set_index_articles_on_mountains", "id": 17873800}, {"name": "Ashrams", "id": 2070416}, {"name": "Places_in_the_Ramayana", "id": 27602230}, {"name": "Men's_prisons", "id": 43513399}, {"name": "County_boroughs_of_England", "id": 24363891}, {"name": "Rural_districts_of_England", "id": 26457564}, {"name": "Urban_districts_of_England", "id": 26458646}, {"name": "Municipal_boroughs_of_England", "id": 26461887}, {"name": "Hundreds_of_Somerset", "id": 32585182}, {"name": "People_from_Gillingham,_Kent", "id": 36306544}, {"name": "Cantrefs", "id": 7443094}, {"name": "Scenic_routes_in_the_United_Kingdom", "id": 42400274}, {"name": "Cape_Canaveral_Space_Force_Station", "id": 6487322}, {"name": "Vandenberg_Space_Force_Base", "id": 21130044}, {"name": "Delphi", "id": 23771781}, {"name": "Islands_of_the_Florida_Keys", "id": 42935156}, {"name": "People_from_Bethlehem", "id": 17630992}, {"name": "Defunct_amusement_parks", "id": 951092}, {"name": "Defunct_shopping_malls", "id": 3465213}, {"name": "Former_zoos", "id": 10744493}, {"name": "Former_cinemas", "id": 19261386}, {"name": "Former_theatres_in_the_United_States", "id": 38086203}, {"name": "Defunct_motorsport_venues", "id": 25352953}, {"name": "Demolished_sports_venues", "id": 53852990}, {"name": "Defunct_Major_League_Baseball_venues", "id": 2318871}, {"name": "Negro_league_baseball_venues", "id": 19355108}, {"name": "Defunct_minor_league_baseball_venues", "id": 24954899}, {"name": "Defunct_indoor_arenas_in_the_United_States", "id": 37710832}, {"name": "Defunct_indoor_arenas_in_Canada", "id": 40392798}, {"name": "Former_music_venues_in_the_United_States", "id": 40393537}, {"name": "Defunct_cricket_grounds_in_England", "id": 36099541}, {"name": "Defunct_cricket_grounds_in_India", "id": 43513950}, {"name": "Video_games_set_on_fictional_planets", "id": 48793485}, {"name": "Novels_set_on_fictional_planets", "id": 48828248}, {"name": "Comics_set_on_fictional_planets", "id": 48951006}, {"name": "Films_set_in_a_fictional_country", "id": 28677249}, {"name": "Films_set_on_fictional_islands", "id": 51088594}, {"name": "Jewish_communities_destroyed_in_the_Holocaust", "id": 67106592}, {"name": "Theresienstadt_Ghetto_prisoners", "id": 32394261}, {"name": "Holocaust_locations_in_Poland", "id": 52119751}, {"name": "Holocaust_locations_in_Ukraine", "id": 52128787}, {"name": "Holocaust_locations_in_Belarus", "id": 52134905}, {"name": "Holocaust_locations_in_Lithuania", "id": 52135272}, {"name": "Holocaust_locations_in_Germany", "id": 52135605}, {"name": "Shrines_to_the_Virgin_Mary", "id": 5605456}, {"name": "Meteorological_stations", "id": 14006257}, {"name": "Radio_stations_and_systems_ITU", "id": 48835868}, {"name": "Bus_station_stubs", "id": 19597153}, {"name": "Union_stations_in_the_United_States", "id": 19495145}, {"name": "Airport_railway_stations_in_the_United_States", "id": 24049439}, {"name": "Listed_railway_stations_in_Australia", "id": 48424270}, {"name": "Local_council_camps_of_the_Boy_Scouts_of_America", "id": 13385834}, {"name": "Bus_stations_in_Singapore", "id": 2369713}, {"name": "Transperth_bus_stations", "id": 8848991}, {"name": "Bus_stations_in_England", "id": 10042617}, {"name": "Populated_places_established_by_African_Americans", "id": 36191267}, {"name": "Populated_places_established_in_the_Ukrainian_Soviet_Socialist_Republic", "id": 43514312}, {"name": "Populated_places_established_in_the_Russian_Empire", "id": 46437348}, {"name": "Buildings_and_structures_in_Tainan", "id": 42266121}, {"name": "New_Netherland", "id": 2929267}, {"name": "Micronations", "id": 892046}, {"name": "New_France", "id": 1132020}, {"name": "New_Spain", "id": 9514106}, {"name": "Caucasus_Viceroyalty_(1801–1917)", "id": 54449539}, {"name": "Decentralization", "id": 38660205}, {"name": "Leader_and_cabinet_executives", "id": 41206940}, {"name": "Urban_public_parks", "id": 2423981}, {"name": "Privately_owned_public_spaces", "id": 36892056}, {"name": "Fictional_European_countries", "id": 11249094}, {"name": "Sharia", "id": 6478588}, {"name": "People_born_at_sea", "id": 48727479}, {"name": "Birthplaces_of_individual_people", "id": 48856040}, {"name": "People_born_in_the_Confederate_States", "id": 71849616}, {"name": "Unincorporated_communities_in_California", "id": 897245}, {"name": "Census-designated_places_in_California", "id": 1185770}, {"name": "Former_populated_places_in_California", "id": 27686604}, {"name": "Incorporated_cities_and_towns_in_California", "id": 30852960}, {"name": "Populated_places_in_the_Sierra_Nevada_(United_States)", "id": 47286091}, {"name": "Populated_places_in_the_Colorado_Desert", "id": 27454532}, {"name": "Populated_places_in_the_Mojave_Desert", "id": 31990836}, {"name": "Populated_places_in_the_Santa_Monica_Mountains", "id": 43362960}, {"name": "Populated_places_in_Newfoundland_and_Labrador", "id": 27325474}, {"name": "Mining_communities_in_British_Columbia", "id": 12892313}, {"name": "Designated_places_in_British_Columbia", "id": 15394887}, {"name": "Indian_reserves_in_British_Columbia", "id": 40072223}, {"name": "Designated_places_in_New_Brunswick", "id": 15422418}, {"name": "Populated_places_in_Buenos_Aires_Province", "id": 27664829}, {"name": "Populated_places_in_Catamarca_Province", "id": 27665046}, {"name": "Populated_places_in_Chaco_Province", "id": 27665150}, {"name": "Populated_places_in_Chubut_Province", "id": 27665407}, {"name": "Populated_places_in_Entre_Ríos_Province", "id": 27666260}, {"name": "Populated_places_in_Jujuy_Province", "id": 27668892}, {"name": "Populated_places_in_La_Pampa_Province", "id": 27670460}, {"name": "Populated_places_in_Misiones_Province", "id": 27671845}, {"name": "Populated_places_in_Neuquén_Province", "id": 27672302}, {"name": "Populated_places_in_Río_Negro_Province", "id": 27675830}, {"name": "Populated_places_in_Salta_Province", "id": 27676112}, {"name": "Populated_places_in_San_Luis_Province", "id": 27676291}, {"name": "Populated_places_in_Santa_Fe_Province", "id": 27676379}, {"name": "Populated_places_in_Santiago_del_Estero_Province", "id": 27676399}, {"name": "Populated_places_in_Tucumán_Province", "id": 27683105}, {"name": "Populated_places_in_La_Rioja_Province,_Argentina", "id": 34500425}, {"name": "Populated_places_in_Córdoba_Province,_Argentina", "id": 34500591}, {"name": "Unincorporated_communities_in_El_Dorado_County,_California", "id": 36662194}, {"name": "Unincorporated_communities_in_Fresno_County,_California", "id": 36659161}, {"name": "Merced,_California", "id": 5560866}, {"name": "Unincorporated_communities_in_Monterey_County,_California", "id": 36649276}, {"name": "Carmel-by-the-Sea,_California", "id": 39394427}, {"name": "People_from_Salinas,_California", "id": 5561306}, {"name": "Census-designated_places_in_Plumas_County,_California", "id": 30553884}, {"name": "People_from_Sacramento,_California", "id": 6102418}, {"name": "Buildings_and_structures_in_Sacramento,_California", "id": 16593686}, {"name": "History_of_Sacramento,_California", "id": 16596594}, {"name": "Sacramento,_California_stubs", "id": 45419233}, {"name": "People_from_San_Luis_Obispo,_California", "id": 5561384}, {"name": "People_from_Modesto,_California", "id": 5561083}, {"name": "Redding,_California", "id": 5561247}, {"name": "Census-designated_places_in_Washington_(state)", "id": 30843278}, {"name": "Unincorporated_communities_in_Washington_(state)", "id": 30848411}, {"name": "Neighborhoods_in_Seattle", "id": 22030449}, {"name": "Carthage", "id": 1020211}, {"name": "Populated_places_in_Amman_Governorate", "id": 33758541}, {"name": "Lists_of_cities_in_Japan_by_prefecture", "id": 70261561}, {"name": "Cities_in_Saitama_Prefecture", "id": 1409575}, {"name": "Populated_places_in_Al_Anbar_Governorate", "id": 34835292}, {"name": "Populated_places_in_Nineveh_Governorate", "id": 34854678}, {"name": "Populated_places_in_Azaz_District", "id": 36937287}, {"name": "Villages_in_Aleppo_Governorate", "id": 51522165}, {"name": "Populated_places_in_Hama_District", "id": 37707268}, {"name": "Populated_places_in_Salamiyah_District", "id": 37707280}, {"name": "Populated_places_in_Masyaf_District", "id": 37707286}, {"name": "Populated_places_in_al-Suqaylabiyah_District", "id": 37707294}, {"name": "Populated_places_in_Homs_District", "id": 36926007}, {"name": "Populated_places_in_Talkalakh_District", "id": 36926010}, {"name": "Populated_places_in_Idlib_District", "id": 37032116}, {"name": "Populated_places_in_Ariha_District", "id": 37032117}, {"name": "Populated_places_in_Harem_District", "id": 37032122}, {"name": "Populated_places_in_Jisr_al-Shughur_District", "id": 37032130}, {"name": "Populated_places_in_Maarat_al-Numan_District", "id": 37032134}, {"name": "Villages_in_Idlib_Governorate", "id": 51547586}, {"name": "Populated_places_in_Qatana_District", "id": 36900038}, {"name": "Populated_places_in_Markaz_Rif_Dimashq_District", "id": 36900093}, {"name": "Populated_places_in_the_North_Governorate", "id": 27680845}, {"name": "Populated_places_in_the_Matn_District", "id": 49977785}, {"name": "Populated_places_in_Tyre_District", "id": 68662460}, {"name": "Populated_places_in_Navarre", "id": 32824558}, {"name": "Populated_places_in_La_Rioja_(Spain)", "id": 34304640}, {"name": "Populated_places_in_the_Region_of_Murcia", "id": 44619554}, {"name": "Populated_places_in_Mallorca", "id": 27940622}, {"name": "Municipalities_in_Asturias", "id": 4319767}, {"name": "Municipalities_in_Cantabria", "id": 4728510}, {"name": "People_from_San_Cristóbal_de_La_Laguna", "id": 34285489}, {"name": "Populated_places_in_the_Province_of_Burgos", "id": 34307981}, {"name": "Populated_places_in_the_Province_of_León", "id": 34419021}, {"name": "Municipalities_in_the_Province_of_Ávila", "id": 34308476}, {"name": "Municipalities_in_the_Province_of_Valladolid", "id": 34418095}, {"name": "Municipalities_in_the_Province_of_Palencia", "id": 34418235}, {"name": "Municipalities_in_the_Province_of_Salamanca", "id": 34418315}, {"name": "Populated_places_in_Batken_Region", "id": 27664004}, {"name": "Populated_places_in_Chüy_Region", "id": 27665429}, {"name": "Populated_places_in_Issyk-Kul_Region", "id": 27667907}, {"name": "Populated_places_in_Jalal-Abad_Region", "id": 27668076}, {"name": "Populated_places_in_Naryn_Region", "id": 27672141}, {"name": "Populated_places_in_Osh_Region", "id": 27673883}, {"name": "Populated_places_in_the_Northland_Region", "id": 36789342}, {"name": "Populated_places_in_the_Wellington_Region", "id": 37055060}, {"name": "Populated_places_in_the_Bay_of_Plenty_Region", "id": 37055965}, {"name": "Populated_places_in_the_Auckland_Region", "id": 37060091}, {"name": "Populated_places_in_the_Hawke's_Bay_Region", "id": 37065117}, {"name": "Populated_places_in_Manawatū-Whanganui", "id": 42425825}, {"name": "Populated_places_in_Otago", "id": 42518354}, {"name": "Populated_places_in_Waikato", "id": 42581164}, {"name": "Populated_places_in_Taranaki", "id": 42883673}, {"name": "Populated_places_in_the_Gisborne_District", "id": 43038589}, {"name": "Populated_places_in_the_Tasman_District", "id": 43094946}, {"name": "Populated_places_in_Canterbury,_New_Zealand", "id": 43172191}, {"name": "Populated_places_in_the_West_Coast,_New_Zealand", "id": 43221351}, {"name": "Populated_places_in_Southland,_New_Zealand", "id": 43227561}, {"name": "Populated_places_in_Brest_Region", "id": 37127533}, {"name": "Populated_places_in_Gomel_Region", "id": 37130352}, {"name": "Populated_places_in_Grodno_Region", "id": 37130623}, {"name": "Populated_places_in_Minsk_Region", "id": 37130855}, {"name": "Populated_places_in_Vitebsk_Region", "id": 37131948}, {"name": "Neighborhoods_in_Oakland,_California", "id": 12713166}, {"name": "Neighborhoods_in_San_Jose,_California", "id": 12713175}, {"name": "Neighborhoods_in_San_Francisco", "id": 22030420}, {"name": "Populated_places_in_Ardabil_Province", "id": 27661993}, {"name": "Populated_places_in_Fars_Province", "id": 27666378}, {"name": "Populated_places_in_Gilan_Province", "id": 27667050}, {"name": "Populated_places_in_Golestan_Province", "id": 27667086}, {"name": "Populated_places_in_Hamadan_Province", "id": 27667506}, {"name": "Populated_places_in_Hormozgan_Province", "id": 27667684}, {"name": "Populated_places_in_Isfahan_Province", "id": 27667816}, {"name": "Populated_places_in_Kerman_Province", "id": 27669819}, {"name": "Populated_places_in_Kermanshah_Province", "id": 27669827}, {"name": "Populated_places_in_Khuzestan_Province", "id": 27670097}, {"name": "Populated_places_in_Kohgiluyeh_and_Boyer-Ahmad_Province", "id": 27670215}, {"name": "Populated_places_in_Lorestan_Province", "id": 27670975}, {"name": "Populated_places_in_Markazi_Province", "id": 27671532}, {"name": "Populated_places_in_Mazandaran_Province", "id": 27671684}, {"name": "Populated_places_in_North_Khorasan_Province", "id": 27672961}, {"name": "Populated_places_in_Qom_Province", "id": 27675304}, {"name": "Populated_places_in_Razavi_Khorasan_Province", "id": 27675682}, {"name": "Populated_places_in_Sistan_and_Baluchestan_Province", "id": 27676944}, {"name": "Populated_places_in_Zanjan_Province", "id": 27684541}, {"name": "Populated_places_in_Kurdistan_Province", "id": 35984115}, {"name": "Cities_in_Razavi_Khorasan_Province", "id": 32755980}, {"name": "Cities_in_Hormozgan_Province", "id": 32898435}, {"name": "Cities_in_Chaharmahal_and_Bakhtiari_Province", "id": 33034380}, {"name": "Cities_in_Sistan_and_Baluchestan_Province", "id": 33154860}, {"name": "Cities_in_Isfahan_Province", "id": 33185973}, {"name": "Cities_in_Kerman_Province", "id": 33274100}, {"name": "Cities_in_Fars_Province", "id": 33318658}, {"name": "Cities_in_Khuzestan_Province", "id": 33390319}, {"name": "Cities_in_West_Azerbaijan_Province", "id": 33454482}, {"name": "Cities_in_East_Azerbaijan_Province", "id": 33487627}, {"name": "Cities_in_Mazandaran_Province", "id": 33520981}, {"name": "Cities_in_Gilan_Province", "id": 33560195}, {"name": "Cities_in_Tehran_Province", "id": 33618874}, {"name": "People_from_Qazvin", "id": 9586061}, {"name": "People_from_Ardabil", "id": 8218442}, {"name": "Populated_places_in_Coahuila", "id": 27665445}, {"name": "Populated_places_in_Durango", "id": 27666108}, {"name": "Populated_places_in_Guanajuato", "id": 27667256}, {"name": "Populated_places_in_Guerrero", "id": 27667300}, {"name": "Populated_places_in_Jalisco", "id": 27668204}, {"name": "Populated_places_in_Michoacán", "id": 27671745}, {"name": "Populated_places_in_Morelos", "id": 27671942}, {"name": "Populated_places_in_Sinaloa", "id": 27676859}, {"name": "Populated_places_in_Sonora", "id": 27677140}, {"name": "Populated_places_in_Tamaulipas", "id": 27677644}, {"name": "Populated_places_in_the_State_of_Mexico", "id": 27682021}, {"name": "Populated_places_in_Veracruz", "id": 27683875}, {"name": "Populated_places_in_Yucatán", "id": 27684367}, {"name": "Populated_places_in_Zacatecas", "id": 27684401}, {"name": "Populated_places_in_Hidalgo_(state)", "id": 34075752}, {"name": "Populated_places_in_Chihuahua_(state)", "id": 43166863}, {"name": "Municipalities_of_Oaxaca", "id": 11657559}, {"name": "Populated_places_in_Southern_District_(Israel)", "id": 40111329}, {"name": "Populated_places_in_Haifa_District", "id": 40132451}, {"name": "Populated_places_in_Central_District_(Israel)", "id": 40137079}, {"name": "Populated_places_in_Jerusalem_District", "id": 40143253}, {"name": "Populated_places_in_Northern_District_(Israel)", "id": 42938625}, {"name": "Suburbs_of_Cape_Town", "id": 5349373}, {"name": "People_from_Port_Elizabeth", "id": 7084879}, {"name": "Tri-Cities,_Washington", "id": 3691950}, {"name": "Populated_places_in_Central_Province,_Sri_Lanka", "id": 27665091}, {"name": "Populated_places_in_North_Western_Province,_Sri_Lanka", "id": 27672989}, {"name": "Populated_places_in_Northern_Province,_Sri_Lanka", "id": 27673007}, {"name": "Populated_places_in_Southern_Province,_Sri_Lanka", "id": 27677234}, {"name": "Populated_places_in_Western_Province,_Sri_Lanka", "id": 27684188}, {"name": "Villages_in_Hiiu_County", "id": 27965215}, {"name": "Hiiumaa_Parish", "id": 55984751}, {"name": "Villages_in_Lääne-Viru_County", "id": 28295031}, {"name": "Haljala_Parish", "id": 28380822}, {"name": "Kadrina_Parish", "id": 28380826}, {"name": "Rakvere_Parish", "id": 28382240}, {"name": "Tapa_Parish", "id": 28382251}, {"name": "Vinni_Parish", "id": 28382256}, {"name": "Viru-Nigula_Parish", "id": 28382257}, {"name": "Väike-Maarja_Parish", "id": 28382260}, {"name": "Rõuge_Parish", "id": 27000295}, {"name": "Antsla_Parish", "id": 27001135}, {"name": "Villages_in_Võru_County", "id": 28076241}, {"name": "Võru_Parish", "id": 29592493}, {"name": "Setomaa_Parish", "id": 61479405}, {"name": "Villages_in_Viljandi_County", "id": 28076199}, {"name": "Viljandi_Parish", "id": 40887545}, {"name": "Mulgi_Parish", "id": 55715234}, {"name": "Villages_in_Valga_County", "id": 28789977}, {"name": "Otepää_Parish", "id": 28958562}, {"name": "Tartu", "id": 6588362}, {"name": "Villages_in_Tartu_County", "id": 28076202}, {"name": "Kambja_Parish", "id": 28892601}, {"name": "Tartu_Parish", "id": 28892680}, {"name": "Peipsiääre_Parish", "id": 53658299}, {"name": "Elva_Parish", "id": 56012459}, {"name": "Kastre_Parish", "id": 56102735}, {"name": "Villages_in_Saare_County", "id": 28076228}, {"name": "Muhu_Parish", "id": 28880434}, {"name": "Saaremaa_Parish", "id": 55984356}, {"name": "Villages_in_Rapla_County", "id": 28076232}, {"name": "Märjamaa_Parish", "id": 28517061}, {"name": "Kehtna_Parish", "id": 28517130}, {"name": "Rapla_Parish", "id": 28517243}, {"name": "Villages_in_Põlva_County", "id": 28076237}, {"name": "Kanepi_Parish", "id": 28423386}, {"name": "Põlva_Parish", "id": 28423420}, {"name": "Räpina_Parish", "id": 28423424}, {"name": "Villages_in_Lääne_County", "id": 28076215}, {"name": "Lääne-Nigula_Parish", "id": 40867414}, {"name": "Haapsalu_(urban_municipality)", "id": 73949434}, {"name": "Villages_in_Jõgeva_County", "id": 28076252}, {"name": "Jõgeva_Parish", "id": 29387408}, {"name": "Põltsamaa_Parish", "id": 29387417}, {"name": "Mustvee_Parish", "id": 56221145}, {"name": "Villages_in_Järva_County", "id": 28025316}, {"name": "Türi_Parish", "id": 30593800}, {"name": "Järva_Parish", "id": 56079125}, {"name": "Paide_(urban_municipality)", "id": 73918943}, {"name": "Villages_in_Ida-Viru_County", "id": 27965697}, {"name": "Lüganuse_Parish", "id": 28297053}, {"name": "Alutaguse_Parish", "id": 55996709}, {"name": "People_from_Maracaibo", "id": 10434893}, {"name": "Populated_places_in_Alajuela_Province", "id": 41921004}, {"name": "Populated_places_in_Cartago_Province", "id": 41923676}, {"name": "Populated_places_in_Heredia_Province", "id": 41926381}, {"name": "Populated_places_in_Guanacaste_Province", "id": 41926514}, {"name": "Populated_places_in_Limón_Province", "id": 41926813}, {"name": "Populated_places_in_Puntarenas_Province", "id": 41926891}, {"name": "Populated_places_in_San_José_Province", "id": 41927015}, {"name": "Municipalities_of_the_Norte_de_Santander_Department", "id": 42260756}, {"name": "Populated_places_on_the_Fraser_River", "id": 27687719}, {"name": "Populated_places_on_the_British_Columbia_Coast", "id": 29942330}, {"name": "Municipalities_in_the_Community_of_Madrid", "id": 34418677}, {"name": "Populated_places_in_Bali", "id": 27663407}, {"name": "Populated_places_in_Banten", "id": 27663746}, {"name": "Populated_places_in_North_Sumatra", "id": 27672973}, {"name": "Populated_places_in_West_Java", "id": 27684141}, {"name": "S.C._Campomaiorense_players", "id": 16737871}, {"name": "People_from_Burgos", "id": 15342319}, {"name": "People_from_Segovia", "id": 19952003}, {"name": "People_from_Valladolid", "id": 22371563}, {"name": "People_from_León,_Spain", "id": 23740574}, {"name": "People_from_Salamanca", "id": 24526051}, {"name": "People_from_Zamora,_Spain", "id": 34294643}, {"name": "2018_ICF_Canoe_Sprint_World_Championships", "id": 58316496}, {"name": "Populated_places_in_Pljevlja_Municipality", "id": 44460271}, {"name": "Populated_places_in_Bijelo_Polje_Municipality", "id": 44460314}, {"name": "Populated_places_in_Bar_Municipality", "id": 44460600}, {"name": "Populated_places_in_Nikšić_Municipality", "id": 54164824}, {"name": "Populated_places_in_Podgorica_Municipality", "id": 55905591}, {"name": "Populated_places_in_Sarawak", "id": 27676469}, {"name": "Towns_in_Johor", "id": 58079223}, {"name": "Towns_in_Pahang", "id": 58086776}, {"name": "George_Town,_Penang", "id": 42247078}, {"name": "Towns_in_Perak", "id": 58086325}, {"name": "Townships_in_Selangor", "id": 58078517}, {"name": "Towns_in_Selangor", "id": 58079541}, {"name": "Populated_places_in_Cochabamba_Department", "id": 27678911}, {"name": "Populated_places_in_La_Paz_Department_(Bolivia)", "id": 34083091}, {"name": "Populated_places_in_Santa_Cruz_Department_(Bolivia)", "id": 34083145}, {"name": "Populated_places_in_New_South_Wales", "id": 36108629}, {"name": "Populated_places_in_the_Northern_Territory", "id": 36110012}, {"name": "Towns_in_Queensland", "id": 1745326}, {"name": "Populated_places_in_Far_North_Queensland", "id": 51179441}, {"name": "Localities_in_Queensland", "id": 54417903}, {"name": "Unbounded_localities_in_Queensland", "id": 62322065}, {"name": "Towns_in_South_Australia", "id": 1745951}, {"name": "Towns_in_Western_Australia", "id": 1690071}, {"name": "Towns_in_Tasmania", "id": 1745464}, {"name": "Localities_of_Meander_Valley_Council", "id": 50049308}, {"name": "Localities_of_Circular_Head_Council", "id": 50092253}, {"name": "Localities_of_Huon_Valley_Council", "id": 50188720}, {"name": "Localities_of_Kingborough_Council", "id": 50189327}, {"name": "Localities_of_Central_Highlands_Council", "id": 50190830}, {"name": "Localities_of_Southern_Midlands_Council", "id": 50191354}, {"name": "Localities_of_Dorset_Council_(Australia)", "id": 51848765}, {"name": "Localities_of_City_of_Launceston", "id": 64071139}, {"name": "Imortal_D.C._players", "id": 41218280}, {"name": "Greater_Montreal", "id": 22011999}, {"name": "Calgary_Region", "id": 4123163}, {"name": "Edmonton_Metropolitan_Region", "id": 9906003}, {"name": "Sportspeople_from_Moncton", "id": 43410856}, {"name": "Politicians_from_Moncton", "id": 74782312}, {"name": "Unincorporated_communities_in_Saskatchewan", "id": 42427361}, {"name": "Localities_in_Manitoba", "id": 42520705}, {"name": "Northern_communities_in_Manitoba", "id": 42520752}, {"name": "Local_urban_districts_in_Manitoba", "id": 50305872}, {"name": "Unincorporated_settlements_in_British_Columbia", "id": 4861190}, {"name": "Settlements_in_British_Columbia", "id": 11078057}, {"name": "Localities_in_Yukon", "id": 45215929}, {"name": "Indian_reserves_in_Alberta", "id": 40072203}, {"name": "Indian_reserves_in_Manitoba", "id": 40072300}, {"name": "Indian_reserves_in_Saskatchewan", "id": 40072439}, {"name": "Villages_in_Akershus", "id": 15784143}, {"name": "Villages_in_Buskerud", "id": 19594107}, {"name": "Villages_in_Møre_og_Romsdal", "id": 15985443}, {"name": "Municipalities_of_Nordland", "id": 4349244}, {"name": "Villages_in_Nordland", "id": 12334316}, {"name": "Neighbourhoods_of_Oslo", "id": 3318864}, {"name": "Villages_in_Rogaland", "id": 12334228}, {"name": "Villages_in_Østfold", "id": 12333983}, {"name": "Populated_places_in_Al_Rayyan", "id": 47361165}, {"name": "Populated_places_in_Grevena_(regional_unit)", "id": 34506107}, {"name": "Populated_places_in_Florina_(regional_unit)", "id": 34506122}, {"name": "Populated_places_in_Kozani_(regional_unit)", "id": 34510255}, {"name": "Populated_places_in_Kastoria_(regional_unit)", "id": 34510320}, {"name": "Populated_places_in_Arcadia,_Peloponnese", "id": 32195796}, {"name": "Populated_places_in_Corinthia", "id": 32195908}, {"name": "Populated_places_in_Laconia", "id": 32195924}, {"name": "Populated_places_in_Messenia", "id": 32195944}, {"name": "Census-designated_places_in_Hawaii_County,_Hawaii", "id": 24914500}, {"name": "Census-designated_places_in_Honolulu_County,_Hawaii", "id": 24916286}, {"name": "Cities_in_Los_Angeles_County,_California", "id": 22222743}, {"name": "Newport_Beach,_California", "id": 1145434}, {"name": "People_from_Anaheim,_California", "id": 4622203}, {"name": "People_from_Fullerton,_California", "id": 4621988}, {"name": "People_from_Santa_Ana,_California", "id": 5561425}, {"name": "Mater_Dei_High_School_(Santa_Ana,_California)_alumni", "id": 74131879}, {"name": "People_from_Irvine,_California", "id": 4625574}, {"name": "Census-designated_places_in_Barnstable_County,_Massachusetts", "id": 26465954}, {"name": "Chatham,_Massachusetts", "id": 17676672}, {"name": "Falmouth,_Massachusetts", "id": 23576329}, {"name": "Bourne,_Massachusetts", "id": 23576406}, {"name": "Provincetown,_Massachusetts", "id": 23771566}, {"name": "Historic_districts_in_Bristol_County,_Massachusetts", "id": 42139761}, {"name": "Historic_districts_in_Essex_County,_Massachusetts", "id": 29100158}, {"name": "People_from_Saugus,_Massachusetts", "id": 11215077}, {"name": "People_from_Andover,_Massachusetts", "id": 13827527}, {"name": "Census-designated_places_in_Prince_George's_County,_Maryland", "id": 41180018}, {"name": "People_from_Chico,_California", "id": 5560160}, {"name": "People_from_Fresno,_California", "id": 6104138}, {"name": "People_from_Bakersfield,_California", "id": 16723498}, {"name": "People_from_Stockton,_California", "id": 5561747}, {"name": "Santa_Cruz,_California", "id": 5561651}, {"name": "Unincorporated_communities_in_Washington_County,_Ohio", "id": 42093119}, {"name": "County_seats_in_Arkansas", "id": 8931710}, {"name": "Census-designated_places_in_Cameron_County,_Texas", "id": 41636536}, {"name": "Populated_places_in_Al_Haouz_Province", "id": 36072853}, {"name": "Populated_places_in_Taroudannt_Province", "id": 36149678}, {"name": "Populated_places_in_Azilal_Province", "id": 36188866}, {"name": "Populated_places_in_Settat_Province", "id": 36208844}, {"name": "Populated_places_in_Essaouira_Province", "id": 36214745}, {"name": "Populated_places_in_El_Kelâat_Es-Sraghna_Province", "id": 36548780}, {"name": "Populated_places_in_Taounate_Province", "id": 42502676}, {"name": "Neighborhoods_in_Philadelphia", "id": 22232377}, {"name": "Danbury,_Connecticut", "id": 6614402}, {"name": "People_from_Stamford,_Connecticut", "id": 7677093}, {"name": "People_from_Bridgeport,_Connecticut", "id": 5551505}, {"name": "Buildings_and_structures_in_Bridgeport,_Connecticut", "id": 34413720}, {"name": "People_from_Norwalk,_Connecticut", "id": 7657375}, {"name": "Companies_based_in_Norwalk,_Connecticut", "id": 32844410}, {"name": "University_of_Wyoming", "id": 3547770}, {"name": "People_from_Laramie,_Wyoming", "id": 8351833}, {"name": "People_from_Albuquerque,_New_Mexico", "id": 5957951}, {"name": "Buildings_and_structures_in_Albuquerque,_New_Mexico", "id": 17403380}, {"name": "People_from_Roswell,_New_Mexico", "id": 11778409}, {"name": "People_from_Las_Cruces,_New_Mexico", "id": 5751909}, {"name": "Santa_Fe_Trail", "id": 2697147}, {"name": "People_from_Santa_Fe,_New_Mexico", "id": 5751967}, {"name": "People_from_Dover,_Delaware", "id": 5562455}, {"name": "Wilmington,_Delaware", "id": 4797332}, {"name": "People_from_New_Castle,_Delaware", "id": 52872964}, {"name": "People_from_Hartford,_Connecticut", "id": 5562267}, {"name": "Burials_at_Cedar_Hill_Cemetery_(Hartford,_Connecticut)", "id": 17179223}, {"name": "Buildings_and_structures_in_Hartford,_Connecticut", "id": 26061463}, {"name": "ESPN", "id": 1698512}, {"name": "People_from_Bristol,_Connecticut", "id": 35457283}, {"name": "People_from_New_Britain,_Connecticut", "id": 21188801}, {"name": "Middletown,_Connecticut", "id": 7944726}, {"name": "People_from_Norwich,_Connecticut", "id": 5562405}, {"name": "People_from_New_London,_Connecticut", "id": 19579318}, {"name": "Warwick,_Rhode_Island", "id": 19066727}, {"name": "Buildings_and_structures_in_Newport,_Rhode_Island", "id": 7152509}, {"name": "People_from_Newport,_Rhode_Island", "id": 7668862}, {"name": "Albums_recorded_at_the_Newport_Jazz_Festival", "id": 27132358}, {"name": "People_from_Providence,_Rhode_Island", "id": 5759567}, {"name": "Buildings_and_structures_in_Providence,_Rhode_Island", "id": 17261688}, {"name": "Geography_of_Providence,_Rhode_Island", "id": 19763394}, {"name": "National_Register_of_Historic_Places_in_Providence,_Rhode_Island", "id": 44219080}, {"name": "Ships_built_in_Providence,_Rhode_Island", "id": 50265655}, {"name": "People_from_Pawtucket,_Rhode_Island", "id": 16897160}, {"name": "Buildings_and_structures_in_Pawtucket,_Rhode_Island", "id": 27136404}, {"name": "National_Register_of_Historic_Places_in_Pawtucket,_Rhode_Island", "id": 51846366}, {"name": "People_from_Cranston,_Rhode_Island", "id": 16126265}, {"name": "People_from_Woonsocket,_Rhode_Island", "id": 9819812}, {"name": "People_from_Keene,_New_Hampshire", "id": 33734047}, {"name": "People_from_Manchester,_New_Hampshire", "id": 5161757}, {"name": "People_from_Nashua,_New_Hampshire", "id": 7616404}, {"name": "People_from_Concord,_New_Hampshire", "id": 15149809}, {"name": "People_from_Burlington,_Vermont", "id": 5733484}, {"name": "National_Register_of_Historic_Places_in_Burlington,_Vermont", "id": 51043450}, {"name": "People_from_Rutland_(city),_Vermont", "id": 39245842}, {"name": "People_from_Montpelier,_Vermont", "id": 15482529}, {"name": "People_from_Cumberland,_Maryland", "id": 5736583}, {"name": "Buildings_and_structures_in_Cumberland,_Maryland", "id": 11068719}, {"name": "United_States_Naval_Academy", "id": 1394232}, {"name": "People_from_Annapolis,_Maryland", "id": 7548703}, {"name": "People_from_Cambridge,_Maryland", "id": 16259668}, {"name": "People_from_Frederick,_Maryland", "id": 20946653}, {"name": "People_from_Havre_de_Grace,_Maryland", "id": 33747025}, {"name": "Aberdeen_IronBirds_players", "id": 14578697}, {"name": "People_from_Aberdeen,_Maryland", "id": 33747670}, {"name": "Laurel_Park_Racecourse", "id": 21238346}, {"name": "People_from_Laurel,_Maryland", "id": 24967964}, {"name": "University_of_Maryland,_College_Park", "id": 1187141}, {"name": "People_from_Hagerstown,_Maryland", "id": 5747592}, {"name": "People_from_Salisbury,_Maryland", "id": 5747678}, {"name": "People_from_Helena,_Montana", "id": 7638554}, {"name": "People_from_Coldwater,_Michigan", "id": 26335089}, {"name": "People_from_Holland,_Michigan", "id": 5748721}, {"name": "Midland,_Michigan", "id": 17612198}, {"name": "People_from_Bay_City,_Michigan", "id": 5718771}, {"name": "Ships_built_in_Bay_City,_Michigan", "id": 49274943}, {"name": "People_from_Battle_Creek,_Michigan", "id": 5718730}, {"name": "People_from_Sault_Ste._Marie,_Michigan", "id": 18164984}, {"name": "People_from_Lansing,_Michigan", "id": 5748933}, {"name": "Michigan_State_University", "id": 2018382}, {"name": "People_from_East_Lansing,_Michigan", "id": 30984332}, {"name": "People_from_Flint,_Michigan", "id": 5738418}, {"name": "Buildings_and_structures_in_Flint,_Michigan", "id": 18960465}, {"name": "People_from_Traverse_City,_Michigan", "id": 9493081}, {"name": "People_from_Jackson,_Michigan", "id": 5748836}, {"name": "People_from_Kalamazoo,_Michigan", "id": 5552667}, {"name": "People_from_Grand_Rapids,_Michigan", "id": 4161412}, {"name": "People_from_Ann_Arbor,_Michigan", "id": 14892926}, {"name": "People_from_Ypsilanti,_Michigan", "id": 14892871}, {"name": "People_from_Detroit", "id": 2498040}, {"name": "Culture_of_Detroit", "id": 16214055}, {"name": "Buildings_and_structures_in_Detroit", "id": 17404209}, {"name": "History_of_Detroit", "id": 17841982}, {"name": "Government_of_Detroit", "id": 18267600}, {"name": "Organizations_based_in_Detroit", "id": 23820691}, {"name": "Burials_at_Elmwood_Cemetery_(Detroit)", "id": 46254886}, {"name": "Burials_at_Woodlawn_Cemetery_(Detroit)", "id": 50204330}, {"name": "People_from_Dearborn,_Michigan", "id": 7568151}, {"name": "People_from_Hamtramck,_Michigan", "id": 26889000}, {"name": "People_from_Saginaw,_Michigan", "id": 5658034}, {"name": "Saginaw_Intermediate_School_District", "id": 46220449}, {"name": "Port_Huron,_Michigan", "id": 55272974}, {"name": "People_from_Troy,_Michigan", "id": 8485437}, {"name": "People_from_Southfield,_Michigan", "id": 7900166}, {"name": "Wayne_State_University", "id": 5071290}, {"name": "People_from_Farmington_Hills,_Michigan", "id": 17483507}, {"name": "People_from_Bloomfield_Hills,_Michigan", "id": 8133294}, {"name": "Cranbrook_Educational_Community_alumni", "id": 32932093}, {"name": "People_from_Pontiac,_Michigan", "id": 7820101}, {"name": "People_from_Monroe,_Michigan", "id": 5749001}, {"name": "People_from_Muskegon,_Michigan", "id": 5749072}, {"name": "People_from_Las_Vegas", "id": 28367364}, {"name": "People_from_Henderson,_Nevada", "id": 17174349}, {"name": "People_from_Reno,_Nevada", "id": 5751624}, {"name": "People_from_Harlingen,_Texas", "id": 5628534}, {"name": "People_from_Brownsville,_Texas", "id": 5628692}, {"name": "People_from_McAllen,_Texas", "id": 38152036}, {"name": "Communities_in_Charlotte_County,_New_Brunswick", "id": 12888881}, {"name": "Communities_in_Gloucester_County,_New_Brunswick", "id": 12889528}, {"name": "Communities_in_Kent_County,_New_Brunswick", "id": 12889918}, {"name": "Communities_in_Kings_County,_New_Brunswick", "id": 12890076}, {"name": "Communities_in_Northumberland_County,_New_Brunswick", "id": 12892171}, {"name": "Communities_in_Restigouche_County,_New_Brunswick", "id": 12910792}, {"name": "Communities_in_Westmorland_County,_New_Brunswick", "id": 12913972}, {"name": "Communities_in_York_County,_New_Brunswick", "id": 12915288}, {"name": "People_from_Saint_John,_New_Brunswick", "id": 6218089}, {"name": "Politicians_from_Saint_John,_New_Brunswick", "id": 66095825}, {"name": "Protected_areas_of_Tasmania", "id": 7044983}, {"name": "National_parks_of_Victoria_(state)", "id": 19517891}, {"name": "Victorian_Heritage_Register", "id": 31313742}, {"name": "Protected_areas_of_Manitoba", "id": 35909908}, {"name": "Nature_reserves_in_Quebec", "id": 25431908}, {"name": "Conservation_areas_in_Ontario", "id": 12558950}, {"name": "Protected_areas_of_Amazonas_(Brazilian_state)", "id": 36035591}, {"name": "Protected_areas_of_Minas_Gerais", "id": 36046758}, {"name": "Protected_areas_of_Pará", "id": 36048757}, {"name": "Protected_areas_of_Rio_de_Janeiro_(state)", "id": 36049033}, {"name": "Protected_areas_of_São_Paulo_(state)", "id": 36050823}, {"name": "Protected_areas_of_the_Western_Cape", "id": 20002913}, {"name": "Parks_in_Suffolk_County,_New_York", "id": 28748349}, {"name": "Protected_areas_of_Riverside_County,_California", "id": 24565461}, {"name": "Protected_areas_of_San_Bernardino_County,_California", "id": 27773311}, {"name": "Protected_areas_of_San_Mateo_County,_California", "id": 30471923}, {"name": "Parks_in_Los_Angeles_County,_California", "id": 27604437}, {"name": "Los_Padres_National_Forest", "id": 28357031}, {"name": "Wallowa–Whitman_National_Forest", "id": 34197158}, {"name": "Indiana_Dunes_National_Park", "id": 19260502}, {"name": "Ouachita_National_Forest", "id": 34186401}, {"name": "Neighborhoods_in_Los_Angeles", "id": 16463886}, {"name": "Neighborhoods_in_Pasadena,_California", "id": 18920172}, {"name": "Neighborhoods_in_San_Diego", "id": 22030389}, {"name": "Protected_areas_of_the_Sierra_Nevada_(United_States)", "id": 29328706}, {"name": "Wildlife_sanctuaries_of_the_Western_Ghats", "id": 50959404}, {"name": "Populated_places_in_Akkar_District", "id": 56255574}, {"name": "Antarctic_Specially_Protected_Areas", "id": 38304859}, {"name": "Historic_Sites_and_Monuments_of_Antarctica", "id": 40692759}, {"name": "African_protected_area_stubs", "id": 8956056}, {"name": "Protected_areas_of_Hawaii_(island)", "id": 24930341}, {"name": "Protected_areas_of_Oahu", "id": 24930578}, {"name": "Sri_Lanka_Military_Academy_graduates", "id": 33731988}, {"name": "Buildings_and_structures_on_U.S._Route_66", "id": 13499224}, {"name": "Towns_in_Sarawak", "id": 58079792}, {"name": "Kalamazoo_College_alumni", "id": 9423105}, {"name": "Historic_maps_of_the_world", "id": 6716343}, {"name": "Early_modern_Netherlandish_cartography", "id": 64095581}, {"name": "Villages_in_Innlandet", "id": 62844731}, {"name": "People_from_Ringsaker", "id": 30629687}, {"name": "People_from_Østre_Toten", "id": 18591057}, {"name": "Tromsø", "id": 2439550}, {"name": "Harstad", "id": 6862229}, {"name": "Villages_in_Troms", "id": 12331025}, {"name": "Villages_in_Finnmark", "id": 13712015}, {"name": "Tønsberg", "id": 3667163}, {"name": "Sandefjord", "id": 4301426}, {"name": "Villages_in_Vestfold_og_Telemark", "id": 63766703}, {"name": "Video_games_set_on_fictional_islands", "id": 53643372}, {"name": "Star_Wars_video_games", "id": 9572147}, {"name": "Suburbs_of_Perth,_Western_Australia", "id": 8853625}, {"name": "Suburbs_of_Hobart", "id": 3542210}, {"name": "Suburbs_of_Adelaide", "id": 1454172}, {"name": "Villages_in_Agder", "id": 63885919}, {"name": "Populated_coastal_places_in_California", "id": 27684780}, {"name": "Washington_(state)_populated_places_on_the_Columbia_River", "id": 65706534}, {"name": "Populated_places_in_Keserwan_District", "id": 49410924}, {"name": "Populated_places_in_Byblos_District", "id": 63940266}, {"name": "Communist_states", "id": 1191473}, {"name": "Former_socialist_republics", "id": 8136237}, {"name": "Nazism", "id": 747763}, {"name": "Zionism", "id": 6202244}, {"name": "Italian_Fascism", "id": 15459099}, {"name": "Stalinism", "id": 24348842}, {"name": "Ideology_of_the_Chinese_Communist_Party", "id": 42930911}, {"name": "Yugoslavism", "id": 45452187}, {"name": "Marxism–Leninism", "id": 61532542}, {"name": "Defunct_restaurants_in_the_United_States", "id": 40563876}, {"name": "Defunct_restaurants_in_the_Netherlands", "id": 41912835}, {"name": "Uni-President_7-Eleven_Lions_players", "id": 21592860}, {"name": "Unincorporated_communities_in_Eastman_Region,_Manitoba", "id": 68425622}, {"name": "Unincorporated_communities_in_Westman_Region", "id": 70672689}, {"name": "Municipalities_in_the_Province_of_Burgos", "id": 34307883}, {"name": "Municipalities_in_the_Province_of_Soria", "id": 34309410}, {"name": "Municipalities_of_the_Province_of_Zamora", "id": 34310066}, {"name": "Municipalities_in_the_Province_of_Segovia", "id": 34418511}, {"name": "Municipalities_in_the_Province_of_León", "id": 34418975}, {"name": "Vermont_College_of_Fine_Arts_alumni", "id": 25067502}, {"name": "Web_mapping", "id": 18382324}, {"name": "Sportspeople_from_Ypsilanti,_Michigan", "id": 51521561}, {"name": "Nashua_Pride_players", "id": 23142376}, {"name": "Buildings_and_structures_in_Kansas_City,_Missouri", "id": 17179785}, {"name": "Buildings_and_structures_in_Kansas_City,_Kansas", "id": 22986031}, {"name": "Shopping_malls_in_the_San_Francisco_Bay_Area", "id": 37017074}, {"name": "Shopping_malls_in_the_New_York_metropolitan_area", "id": 40032899}, {"name": "Shopping_malls_in_the_Atlanta_metropolitan_area", "id": 43146572}, {"name": "Buildings_and_structures_in_Newark,_New_Jersey", "id": 17181582}, {"name": "Buildings_and_structures_in_Jersey_City,_New_Jersey", "id": 17290032}, {"name": "Buildings_and_structures_in_New_Haven,_Connecticut", "id": 19744594}, {"name": "Buildings_and_structures_in_Poughkeepsie,_New_York", "id": 23486550}, {"name": "Buildings_and_structures_in_Trenton,_New_Jersey", "id": 38230390}, {"name": "Buildings_and_structures_in_New_Brunswick,_New_Jersey", "id": 38230891}, {"name": "Buildings_and_structures_in_Orange_County,_New_York", "id": 13027547}, {"name": "Buildings_and_structures_in_Litchfield_County,_Connecticut", "id": 25679102}, {"name": "Buildings_and_structures_in_Suffolk_County,_New_York", "id": 28748867}, {"name": "Buildings_and_structures_in_Nassau_County,_New_York", "id": 28749127}, {"name": "Buildings_and_structures_in_Westchester_County,_New_York", "id": 28753993}, {"name": "Buildings_and_structures_in_Bergen_County,_New_Jersey", "id": 29533981}, {"name": "Buildings_and_structures_in_Monmouth_County,_New_Jersey", "id": 29592679}, {"name": "Schools_in_Fairfield_County,_Connecticut", "id": 10383981}, {"name": "National_Register_of_Historic_Places_in_Fairfield_County,_Connecticut", "id": 19923110}, {"name": "Houses_in_Fairfield_County,_Connecticut", "id": 27085162}, {"name": "Schools_in_New_Haven_County,_Connecticut", "id": 11820159}, {"name": "National_Register_of_Historic_Places_in_New_Haven_County,_Connecticut", "id": 41955613}, {"name": "Houses_in_Rockland_County,_New_York", "id": 28765059}, {"name": "National_Register_of_Historic_Places_in_Rockland_County,_New_York", "id": 40982237}, {"name": "Houses_in_Morris_County,_New_Jersey", "id": 29636184}, {"name": "Houses_in_Essex_County,_New_Jersey", "id": 29586890}, {"name": "Six_Flags_Great_Adventure", "id": 32545951}, {"name": "Buildings_and_structures_in_Baltimore", "id": 17404902}, {"name": "Buildings_and_structures_in_Baltimore_County,_Maryland", "id": 29693301}, {"name": "National_Register_of_Historic_Places_in_Harford_County,_Maryland", "id": 50307647}, {"name": "Houses_in_Anne_Arundel_County,_Maryland", "id": 29721185}, {"name": "National_Register_of_Historic_Places_in_Anne_Arundel_County,_Maryland", "id": 50307089}, {"name": "Houses_in_Carroll_County,_Maryland", "id": 29732440}, {"name": "National_Register_of_Historic_Places_in_Carroll_County,_Maryland", "id": 50307466}, {"name": "Howard_County,_Maryland_landmarks", "id": 26459746}, {"name": "Houses_in_Howard_County,_Maryland", "id": 29773405}, {"name": "National_Register_of_Historic_Places_in_Howard_County,_Maryland", "id": 50307673}, {"name": "National_Register_of_Historic_Places_in_Queen_Anne's_County,_Maryland", "id": 50307787}, {"name": "Railroad_stations_in_Fairfield_County,_Connecticut", "id": 25679332}, {"name": "Bridges_in_Hudson_County,_New_Jersey", "id": 51372315}, {"name": "Buildings_and_structures_in_the_City_of_London", "id": 11649345}, {"name": "Buildings_and_structures_in_the_London_Borough_of_Camden", "id": 5811384}, {"name": "Buildings_and_structures_in_the_London_Borough_of_Southwark", "id": 10533274}, {"name": "Buildings_and_structures_in_the_Royal_Borough_of_Greenwich", "id": 11642836}, {"name": "Buildings_and_structures_in_the_London_Borough_of_Tower_Hamlets", "id": 11652315}, {"name": "Buildings_and_structures_in_the_London_Borough_of_Newham", "id": 11681877}, {"name": "Buildings_and_structures_in_the_London_Borough_of_Lambeth", "id": 11733536}, {"name": "Buildings_and_structures_in_the_Royal_Borough_of_Kensington_and_Chelsea", "id": 25291613}, {"name": "Buildings_and_structures_in_the_London_Borough_of_Hammersmith_and_Fulham", "id": 25302369}, {"name": "Buildings_and_structures_in_the_City_of_Westminster", "id": 40539709}, {"name": "Houses_in_the_London_Borough_of_Richmond_upon_Thames", "id": 14568124}, {"name": "Alexandra_Palace", "id": 43546116}, {"name": "Parks_and_open_spaces_in_the_London_Borough_of_Croydon", "id": 10420886}, {"name": "Houses_in_the_Royal_Borough_of_Kensington_and_Chelsea", "id": 26295079}, {"name": "Houses_in_the_City_of_Westminster", "id": 40540063}, {"name": "Former_buildings_and_structures_in_the_City_of_Westminster", "id": 40540011}, {"name": "Former_buildings_and_structures_in_the_City_of_London", "id": 40575863}, {"name": "Grade_II_listed_buildings_in_the_London_Borough_of_Barnet", "id": 48770926}, {"name": "Grade_II_listed_buildings_in_the_London_Borough_of_Wandsworth", "id": 51908259}, {"name": "Grade_II_listed_buildings_in_the_London_Borough_of_Richmond_upon_Thames", "id": 51549285}, {"name": "Musicals_set_in_fictional_countries", "id": 73707949}, {"name": "Saginaw_Hawks_players", "id": 4451015}, {"name": "Railway_stations_in_the_Capital_Region_of_Denmark", "id": 71983945}, {"name": "NASCAR_races_at_Dover_Motor_Speedway", "id": 26407460}, {"name": "Football_venues_in_Bulgaria", "id": 3083443}, {"name": "Football_venues_in_Denmark", "id": 3084550}, {"name": "Football_venues_in_Romania", "id": 3094507}, {"name": "Football_venues_in_the_Netherlands", "id": 3104024}, {"name": "Football_venues_in_England", "id": 3104055}, {"name": "Football_venues_in_France", "id": 3104706}, {"name": "Football_venues_in_Germany", "id": 3104723}, {"name": "Football_venues_in_Greece", "id": 3104766}, {"name": "Football_venues_in_Hungary", "id": 3104819}, {"name": "Football_venues_in_Italy", "id": 3104858}, {"name": "Football_venues_in_Japan", "id": 3105240}, {"name": "Football_venues_in_Mexico", "id": 3105261}, {"name": "Football_venues_in_Norway", "id": 3105307}, {"name": "Football_venues_in_Poland", "id": 3106033}, {"name": "Football_venues_in_Portugal", "id": 3106041}, {"name": "Football_venues_in_Russia", "id": 3106176}, {"name": "Football_venues_in_Scotland", "id": 3106180}, {"name": "Football_venues_in_South_Korea", "id": 3106225}, {"name": "Football_venues_in_Sweden", "id": 3106289}, {"name": "Football_venues_in_Switzerland", "id": 3106402}, {"name": "Football_venues_in_Turkey", "id": 3108930}, {"name": "Football_venues_in_Iran", "id": 3132057}, {"name": "Football_venues_in_China", "id": 3132202}, {"name": "Football_venues_in_Peru", "id": 3154591}, {"name": "Football_venues_in_Nigeria", "id": 3154715}, {"name": "Football_venues_in_Slovakia", "id": 3361905}, {"name": "Football_venues_in_Indonesia", "id": 3807512}, {"name": "Football_venues_in_Thailand", "id": 3807753}, {"name": "Football_venues_in_Algeria", "id": 3807825}, {"name": "Football_venues_in_Iraq", "id": 3833524}, {"name": "Football_venues_in_Albania", "id": 4337116}, {"name": "Football_venues_in_Bangladesh", "id": 5405963}, {"name": "Soccer_venues_in_South_Africa", "id": 36801254}, {"name": "Association_football_venues_in_the_Republic_of_Ireland", "id": 37221563}, {"name": "North_American_Soccer_League_(1968–1984)_stadiums", "id": 41303746}, {"name": "Defunct_football_venues_in_Spain", "id": 29684238}, {"name": "Indoor_soccer_venues_in_the_United_States", "id": 11222674}, {"name": "College_soccer_venues_in_the_United_States", "id": 23455306}, {"name": "Defunct_soccer_venues_in_the_United_States", "id": 40394201}, {"name": "Football_venues_in_Wales", "id": 3110878}, {"name": "A-League_Women_stadiums", "id": 48452311}, {"name": "Defunct_football_venues_in_England", "id": 16638238}, {"name": "Defunct_football_venues_in_Scotland", "id": 16650496}, {"name": "National_Premier_Soccer_League_stadiums", "id": 51080196}, {"name": "USL_Championship_stadiums", "id": 52297950}, {"name": "Show_caves_in_the_United_States", "id": 30628758}, {"name": "Helena_Brewers_players", "id": 18926920}, {"name": "Buildings_and_structures_in_Anchorage,_Alaska", "id": 16315983}, {"name": "Buildings_and_structures_in_Berkeley,_California", "id": 3778971}, {"name": "Buildings_and_structures_in_Oakland,_California", "id": 5851277}, {"name": "Buildings_and_structures_in_San_Jose,_California", "id": 15819342}, {"name": "Buildings_and_structures_in_Los_Angeles", "id": 16593202}, {"name": "Buildings_and_structures_in_San_Francisco", "id": 17403517}, {"name": "Buildings_and_structures_in_San_Diego", "id": 17403713}, {"name": "Buildings_and_structures_in_Pasadena,_California", "id": 27125450}, {"name": "Buildings_and_structures_in_Santa_Barbara,_California", "id": 30612718}, {"name": "Buildings_and_structures_in_Monterey,_California", "id": 39394283}, {"name": "Wilson_Classical_High_School_alumni", "id": 13518797}, {"name": "Museums_in_Los_Angeles", "id": 19110446}, {"name": "Museums_in_San_Francisco", "id": 21904049}, {"name": "Buildings_and_structures_in_Portland,_Oregon", "id": 3843756}, {"name": "Buildings_and_structures_in_Eugene,_Oregon", "id": 24315654}, {"name": "Buildings_and_structures_in_Seattle", "id": 17389395}, {"name": "Buildings_and_structures_in_Tacoma,_Washington", "id": 17892434}, {"name": "Buildings_and_structures_in_Spokane,_Washington", "id": 23625267}, {"name": "People_from_Barnstable,_Massachusetts", "id": 5718651}, {"name": "People_from_Pittsfield,_Massachusetts", "id": 5748433}, {"name": "People_from_Springfield,_Massachusetts", "id": 5748528}, {"name": "People_from_Worcester,_Massachusetts", "id": 5748621}, {"name": "People_from_Cambridge,_Massachusetts", "id": 7154885}, {"name": "People_from_Lynn,_Massachusetts", "id": 7508950}, {"name": "People_from_Gloucester,_Massachusetts", "id": 9157887}, {"name": "People_from_Northampton,_Massachusetts", "id": 10137654}, {"name": "People_from_Taunton,_Massachusetts", "id": 10275537}, {"name": "People_from_Haverhill,_Massachusetts", "id": 12000139}, {"name": "People_from_Boston", "id": 13522230}, {"name": "People_from_Lawrence,_Massachusetts", "id": 14004501}, {"name": "People_from_Medford,_Massachusetts", "id": 15126553}, {"name": "People_from_Salem,_Massachusetts", "id": 15483508}, {"name": "People_from_Fall_River,_Massachusetts", "id": 15882644}, {"name": "People_from_Martha's_Vineyard", "id": 16112834}, {"name": "People_from_Lowell,_Massachusetts", "id": 16112996}, {"name": "People_from_Methuen,_Massachusetts", "id": 16180278}, {"name": "People_from_Quincy,_Massachusetts", "id": 16428214}, {"name": "People_from_Malden,_Massachusetts", "id": 17585116}, {"name": "People_from_New_Bedford,_Massachusetts", "id": 18151467}, {"name": "People_from_Watertown,_Massachusetts", "id": 19795452}, {"name": "People_from_Melrose,_Massachusetts", "id": 20058120}, {"name": "People_from_Brockton,_Massachusetts", "id": 21110059}, {"name": "People_from_Weymouth,_Massachusetts", "id": 21892043}, {"name": "People_from_Fitchburg,_Massachusetts", "id": 22367365}, {"name": "People_from_Newburyport,_Massachusetts", "id": 22553914}, {"name": "People_from_North_Adams,_Massachusetts", "id": 22902913}, {"name": "People_from_Somerville,_Massachusetts", "id": 23212050}, {"name": "People_from_Newton,_Massachusetts", "id": 24217153}, {"name": "People_from_Attleboro,_Massachusetts", "id": 25835623}, {"name": "People_from_Woburn,_Massachusetts", "id": 26158047}, {"name": "People_from_Beverly,_Massachusetts", "id": 28238625}, {"name": "People_from_Chelsea,_Massachusetts", "id": 28661185}, {"name": "People_from_Waltham,_Massachusetts", "id": 29204855}, {"name": "People_from_Greenfield,_Massachusetts", "id": 29448991}, {"name": "People_from_Leominster,_Massachusetts", "id": 29697348}, {"name": "People_from_Westfield,_Massachusetts", "id": 31146290}, {"name": "People_from_Marlborough,_Massachusetts", "id": 31244453}, {"name": "People_from_Revere,_Massachusetts", "id": 31244543}, {"name": "People_from_Holyoke,_Massachusetts", "id": 31479702}, {"name": "People_from_Chicopee,_Massachusetts", "id": 32644098}, {"name": "People_from_New_York_City", "id": 2482963}, {"name": "People_from_Buffalo,_New_York", "id": 3616561}, {"name": "People_from_Jamestown,_New_York", "id": 4201871}, {"name": "People_from_Albany,_New_York", "id": 4586871}, {"name": "People_from_Troy,_New_York", "id": 4923151}, {"name": "People_from_Utica,_New_York", "id": 5350839}, {"name": "People_from_Syracuse,_New_York", "id": 5549965}, {"name": "People_from_Binghamton,_New_York", "id": 5720609}, {"name": "People_from_Elmira,_New_York", "id": 5737846}, {"name": "People_from_Ithaca,_New_York", "id": 5752039}, {"name": "People_from_Rochester,_New_York", "id": 6103087}, {"name": "People_from_Newburgh,_New_York", "id": 6108637}, {"name": "People_from_Watertown,_New_York", "id": 7047972}, {"name": "People_from_Oswego,_New_York", "id": 8337381}, {"name": "People_from_Niagara_Falls,_New_York", "id": 9518301}, {"name": "People_from_Cortland,_New_York", "id": 9564684}, {"name": "People_from_Schenectady,_New_York", "id": 9881193}, {"name": "People_from_New_Rochelle,_New_York", "id": 18508079}, {"name": "People_from_Kingston,_New_York", "id": 18788247}, {"name": "People_from_Auburn,_New_York", "id": 20748413}, {"name": "People_from_Canandaigua,_New_York", "id": 20842777}, {"name": "People_from_Geneva,_New_York", "id": 20850763}, {"name": "People_from_Hudson,_New_York", "id": 20853231}, {"name": "People_from_Poughkeepsie,_New_York", "id": 22134207}, {"name": "People_from_Long_Beach,_New_York", "id": 23344253}, {"name": "People_from_Glen_Cove,_New_York", "id": 24165950}, {"name": "People_from_Saratoga_Springs,_New_York", "id": 25083680}, {"name": "People_from_Mount_Vernon,_New_York", "id": 31007227}, {"name": "People_from_Lockport,_New_York", "id": 32610640}, {"name": "People_from_Middletown,_Orange_County,_New_York", "id": 38896415}, {"name": "People_from_Amsterdam,_New_York", "id": 40392502}, {"name": "People_from_Plattsburgh,_New_York", "id": 40399250}, {"name": "People_from_Catskill,_New_York", "id": 40401793}, {"name": "People_from_Olean,_New_York", "id": 43639582}, {"name": "People_from_Oneonta,_New_York", "id": 43796781}, {"name": "Politicians_from_Worcester,_Massachusetts", "id": 40841462}, {"name": "Politicians_from_Boston", "id": 40841472}, {"name": "Politicians_from_Cambridge,_Massachusetts", "id": 47224750}, {"name": "Politicians_from_Lowell,_Massachusetts", "id": 47971196}, {"name": "Politicians_from_Newton,_Massachusetts", "id": 48266227}, {"name": "Politicians_from_Salem,_Massachusetts", "id": 49127217}, {"name": "Politicians_from_Springfield,_Massachusetts", "id": 49145352}, {"name": "Politicians_from_Brookline,_Massachusetts", "id": 65658929}, {"name": "People_from_Yonkers,_New_York", "id": 6773166}, {"name": "People_from_White_Plains,_New_York", "id": 8939715}, {"name": "People_from_Peekskill,_New_York", "id": 30882397}, {"name": "Houses_in_Los_Angeles", "id": 19107754}, {"name": "Houses_in_Pasadena,_California", "id": 38214929}, {"name": "Houses_on_the_National_Register_of_Historic_Places_in_Portland,_Oregon", "id": 32090169}, {"name": "Politicians_from_New_York_City", "id": 40841448}, {"name": "Politicians_from_Albany,_New_York", "id": 53375734}, {"name": "Politicians_from_Buffalo,_New_York", "id": 55452413}, {"name": "Politicians_from_Binghamton,_New_York", "id": 56997330}, {"name": "Politicians_from_Newburgh,_New_York", "id": 57049697}, {"name": "Politicians_from_Oswego,_New_York", "id": 57128696}, {"name": "Politicians_from_Watertown,_New_York", "id": 57169285}, {"name": "Politicians_from_Poughkeepsie,_New_York", "id": 57173387}, {"name": "Politicians_from_Troy,_New_York", "id": 57184527}, {"name": "Politicians_from_Utica,_New_York", "id": 57196572}, {"name": "Politicians_from_Rochester,_New_York", "id": 57250443}, {"name": "Politicians_from_Kingston,_New_York", "id": 57397300}, {"name": "Politicians_from_Schenectady,_New_York", "id": 57437793}, {"name": "Politicians_from_Ithaca,_New_York", "id": 57614946}, {"name": "Politicians_from_New_Rochelle,_New_York", "id": 57643164}, {"name": "Politicians_from_Syracuse,_New_York", "id": 57766753}, {"name": "Dedham,_Massachusetts_selectmen", "id": 62291427}, {"name": "Museums_in_Philadelphia", "id": 21824898}, {"name": "Toyota,_Aichi", "id": 31345248}, {"name": "Hachinohe", "id": 36802994}, {"name": "Fukui_(city)", "id": 40171252}, {"name": "Fukushima_(city)", "id": 57311267}, {"name": "Maebashi", "id": 47362596}, {"name": "Takasaki,_Gunma", "id": 62799438}, {"name": "Tsu,_Mie", "id": 52512146}, {"name": "Iga,_Mie", "id": 68308630}, {"name": "Miyazaki_(city)", "id": 14824603}, {"name": "Jōetsu,_Niigata", "id": 58672637}, {"name": "Sakai,_Osaka", "id": 44188843}, {"name": "Higashiōsaka", "id": 62799451}, {"name": "Tourist_attractions_in_Osaka", "id": 34012892}, {"name": "People_from_Osaka", "id": 34175236}, {"name": "Professional_wrestling_in_Osaka", "id": 57664999}, {"name": "Matsue,_Shimane", "id": 74728670}, {"name": "Nikkō,_Tochigi", "id": 14858229}, {"name": "Toyama_(city)", "id": 47362433}, {"name": "Wakayama_(city)", "id": 36384747}, {"name": "Yamaguchi_(city)", "id": 17931147}, {"name": "Shimonoseki", "id": 36403591}, {"name": "Hachiōji,_Tokyo", "id": 48292330}, {"name": "Ōita_(city)", "id": 32294657}, {"name": "Nishinomiya", "id": 43409844}, {"name": "People_from_Kobe", "id": 2422902}, {"name": "People_from_Kawasaki,_Kanagawa", "id": 34021348}, {"name": "People_from_Kamakura", "id": 62714741}, {"name": "People_from_Kanazawa,_Ishikawa", "id": 18508009}, {"name": "People_from_Kagoshima", "id": 34175594}, {"name": "People_from_Aomori_(city)", "id": 34175498}, {"name": "People_from_Kumamoto", "id": 34021310}, {"name": "Railway_stations_in_Takamatsu", "id": 72228754}, {"name": "People_from_Kitakyushu", "id": 38936836}, {"name": "Sportspeople_from_Kobe", "id": 50358905}, {"name": "People_from_Shizuoka_(city)", "id": 43285202}, {"name": "Tenrikyo", "id": 4408301}, {"name": "Railway_stations_in_Osaka", "id": 45527257}, {"name": "Railway_stations_in_Kawasaki,_Kanagawa", "id": 45522351}, {"name": "People_from_Okazaki,_Aichi", "id": 34175333}, {"name": "Takarazuka_Revue", "id": 13755934}, {"name": "2011_Asian_Athletics_Championships", "id": 32330196}, {"name": "Neighborhoods_of_Tokyo", "id": 1461239}, {"name": "Western_Tokyo", "id": 7044438}, {"name": "Minato,_Tokyo", "id": 8949858}, {"name": "Chiyoda,_Tokyo", "id": 19724391}, {"name": "Suginami", "id": 45547308}, {"name": "Shibuya", "id": 45547323}, {"name": "Shinjuku", "id": 45548118}, {"name": "People_from_Ōta,_Tokyo", "id": 48772282}, {"name": "People_from_Chūō,_Tokyo", "id": 48755692}, {"name": "People_from_Adachi,_Tokyo", "id": 48753747}, {"name": "People_from_Edogawa,_Tokyo", "id": 32535897}, {"name": "People_from_Shinagawa", "id": 48777769}, {"name": "People_from_Setagaya", "id": 48772376}, {"name": "Gallop_(studio)", "id": 40915613}, {"name": "People_from_Nerima", "id": 45547390}, {"name": "People_from_Meguro", "id": 48772213}, {"name": "People_from_Taitō", "id": 45548225}, {"name": "Districts_of_Chiyoda,_Tokyo", "id": 55070330}, {"name": "Norwich_Navigators_players", "id": 19734182}, {"name": "Connecticut_Defenders_players", "id": 19763317}, {"name": "Railway_stations_in_the_United_States_closed_in_the_1990s", "id": 75195026}, {"name": "Railway_stations_in_the_United_States_closed_in_the_2000s", "id": 75195265}]}